{
   "web":{
      "client_id":"927346535684-gkrnjl6o6akimdjse81gp3lb1j79n957.apps.googleusercontent.com",
      "project_id":"drysign-186809",
      "auth_uri":"https://accounts.google.com/o/oauth2/auth",
      "token_uri":"https://oauth2.googleapis.com/token",
      "auth_provider_x509_cert_url":"https://www.googleapis.com/oauth2/v1/certs",
      "client_secret":"BT7FAgf1A-dhiPZspNexXFjh",
      "javascript_origins":[
         "http://localhost:8080",
         "http://10.182.207.45:8080",
         "https://drysign.global",
         "http://sbvt-app-07:8080",
         "http://10.182.207.45.xip.io:8080",
         "http://localhost:8085",
         "https://icdemo.drysign.global",
         "https://drysign.exelatech.com"
      ]
   }
}